batch,run,preset,count,mean_attunement,std_attunement,att_min,att_p95,att_max,mean_stress,std_stress,stress_min,stress_p95,stress_max,total_ticks,salience_decay,highly_variable_rate,event_rate,memory_buffer_size,memory_decay,memory_prune_threshold,low_salience_var_rate,bin_size,mean_selection_confidence,mean_prediction_error,mean_ext_load,mean_mem_load,mean_affect_volatility,mean_salience,rate_action_executed,rate_semantic_micro_update,rate_semanticization,rate_self_model_update,rate_suppression_applied,rate_early_dismissal,theta0,theta_s_mult,gate_by_attunement,gate_temperature,replay_softmax,explore_error_gain,softmax_temp,explore_floor
379587,7,default,10000,0.009012371301651001,0.028923124074935913,3.230649094123077e-15,0.04809243753552433,0.37282809615135193,0.6193534135818481,0.1282365322113037,0.304490327835083,0.8344347059726716,0.9201350212097168,10000,,,,,,,,,0.6639729252645186,0.18430740302375687,0.5060297846794128,0.9371538758277893,0.0529138408601284,0.4423471308362156,0.005594405594405594,0.3055944055944056,0.0013986013986013986,0.4167832167832168,0.002097902097902098,0.04755244755244755,0.11,0.6,1,1.2,0,2.0,1.0,0.0
379587,1,default,10000,0.006648681592196226,0.021583475172519684,8.528690642606307e-08,0.03340892028063536,0.22278836369514465,0.6222500205039978,0.1269453465938568,0.3081972002983093,0.8222586363554001,0.9268786311149597,10000,,,,,,,,,0.6636123943162131,0.19028185375468926,0.488964706659317,0.9737036824226379,0.05265895649790764,0.4500562912882208,0.01048951048951049,0.3104895104895105,0.0,0.4244755244755245,0.0006993006993006993,0.04195804195804196,0.11,0.6,1,1.2,0,2.0,1.0,0.0
379587,3,default,10000,0.008624213747680187,0.02722042053937912,8.598942144999455e-07,0.05041611213237045,0.3699464499950409,0.6195738315582275,0.12717734277248383,0.278139591217041,0.8293889254331588,0.9227963089942932,10000,,,,,,,,,0.6641039114315193,0.18655190193951401,0.49318236112594604,0.9485617280006409,0.053506918251514435,0.42933769622692264,0.006293706293706294,0.31888111888111886,0.0006993006993006993,0.44475524475524475,0.002097902097902098,0.043356643356643354,0.11,0.6,1,1.2,0,2.0,1.0,0.0
379587,2,default,10000,0.008302036672830582,0.025516945868730545,8.747476698545142e-08,0.0414539560675621,0.44067490100860596,0.6216789484024048,0.12545593082904816,0.30766674876213074,0.8211477905511856,0.9209223389625549,10000,,,,,,,,,0.6626450749960813,0.18203756331907378,0.49601316452026367,0.976195752620697,0.052713822573423386,0.4201936949645267,0.011188811188811189,0.2923076923076923,0.0006993006993006993,0.40559440559440557,0.002797202797202797,0.05454545454545454,0.11,0.6,1,1.2,0,2.0,1.0,0.0
379587,4,default,10000,0.00934956967830658,0.02916709892451763,9.906437649365163e-13,0.048268197849392874,0.36837098002433777,0.6216204166412354,0.12740939855575562,0.2919803559780121,0.8287452340126037,0.9489578008651733,10000,,,,,,,,,0.6643327127803456,0.18234344338765673,0.49530041217803955,0.9578641653060913,0.05353697016835213,0.4196305458818178,0.011888111888111888,0.31888111888111886,0.0013986013986013986,0.4111888111888112,0.0034965034965034965,0.04195804195804196,0.11,0.6,1,1.2,0,2.0,1.0,0.0
379587,0,default,10000,0.009683802723884583,0.030517732724547386,1.6393983393037104e-11,0.05702980570495126,0.3260049819946289,0.6213323473930359,0.12473119050264359,0.3269508481025696,0.8181320816278458,0.9306873083114624,10000,,,,,,,,,0.6623524187328098,0.18529433573879484,0.49991172552108765,0.9628547430038452,0.05373767763376236,0.42163909771902996,0.0048951048951048955,0.2923076923076923,0.0,0.4111888111888112,0.0013986013986013986,0.05034965034965035,0.11,0.6,1,1.2,0,2.0,1.0,0.0
379587,6,default,10000,0.009219256229698658,0.03011423908174038,3.5335762049726327e-07,0.03749517854303118,0.37314844131469727,0.6209195256233215,0.12760324776172638,0.29557564854621887,0.8272373050451278,0.9185768961906433,10000,,,,,,,,,0.6618735580802797,0.18406590732661465,0.5098605751991272,0.9554008841514587,0.05322572961449623,0.4340002770548673,0.002097902097902098,0.2972027972027972,0.0013986013986013986,0.4216783216783217,0.0013986013986013986,0.03636363636363636,0.11,0.6,1,1.2,0,2.0,1.0,0.0
379587,5,default,10000,0.009297005832195282,0.028882166370749474,1.0750147516960795e-12,0.05009075049310921,0.3343704640865326,0.6218169927597046,0.12608717381954193,0.28493034839630127,0.8233139872550964,0.9145567417144775,10000,,,,,,,,,0.6622500598013817,0.18820254423327923,0.5024750232696533,0.9745957851409912,0.05284244567155838,0.4171513345040433,0.011888111888111888,0.3083916083916084,0.0006993006993006993,0.4286713286713287,0.002097902097902098,0.04965034965034965,0.11,0.6,1,1.2,0,2.0,1.0,0.0
379587,9,default,10000,0.010056394152343273,0.03151710703969002,3.517863500501761e-10,0.05493646897375583,0.3660779893398285,0.6200273036956787,0.1283464878797531,0.2995046377182007,0.8225968927145004,0.8950827121734619,10000,,,,,,,,,0.6630266743731665,0.180889925008218,0.5024111270904541,0.9407774806022644,0.053784240037202835,0.4226536201332676,0.007692307692307693,0.2937062937062937,0.002797202797202797,0.406993006993007,0.0013986013986013986,0.044055944055944055,0.11,0.6,1,1.2,0,2.0,1.0,0.0
379587,8,default,10000,0.009329942055046558,0.030233129858970642,2.5737750819487815e-10,0.05725865773856635,0.29140228033065796,0.6201184391975403,0.1268259882926941,0.3058873116970062,0.8214174509048462,0.9089381098747253,10000,,,,,,,,,0.6629522249415204,0.18003972734343357,0.493284672498703,0.9340564012527466,0.052943650633096695,0.4254949341902601,0.012587412587412588,0.3167832167832168,0.006293706293706294,0.4167832167832168,0.0,0.046153846153846156,0.11,0.6,1,1.2,0,2.0,1.0,0.0
379587,10,default,10000,0.009416628628969193,0.03026840277016163,8.271780416180263e-08,0.039554245397448534,0.32869452238082886,0.6204224824905396,0.12596367299556732,0.31178048253059387,0.8258004903793335,0.9342041611671448,10000,,,,,,,,,0.6623276257431591,0.18346909805083408,0.5094167590141296,0.941016674041748,0.053147897124290466,0.4293443877274277,0.00909090909090909,0.3041958041958042,0.0013986013986013986,0.413986013986014,0.0013986013986013986,0.04195804195804196,0.11,0.6,1,1.2,0,2.0,1.0,0.0
379587,11,default,10000,0.010736379772424698,0.03399881720542908,1.0020026763868373e-07,0.0531861593946814,0.4339912533760071,0.6192901134490967,0.12794402241706848,0.26940372586250305,0.8242520153522491,0.9077865481376648,10000,,,,,,,,,0.6639705495400863,0.18376506714324983,0.49759170413017273,0.9462236166000366,0.05353004112839699,0.42004722065546296,0.014685314685314685,0.31888111888111886,0.002097902097902098,0.4405594405594406,0.002797202797202797,0.046153846153846156,0.11,0.6,1,1.2,0,2.0,1.0,0.0
379587,13,default,10000,0.0081525519490242,0.026000002399086952,1.9852119237384613e-07,0.03786639533936973,0.3061651289463043,0.6210538148880005,0.1271042823791504,0.3012186586856842,0.8293176889419556,0.9200299978256226,10000,,,,,,,,,0.6620230807082637,0.18557163086854697,0.5017893314361572,0.9557279944419861,0.05331189185380936,0.43803139753652726,0.013286713286713287,0.2951048951048951,0.0013986013986013986,0.4111888111888112,0.0006993006993006993,0.032167832167832165,0.11,0.6,1,1.2,0,2.0,1.0,0.0
379587,14,default,10000,0.010798461735248566,0.034075167030096054,7.326061677304097e-07,0.06595019213855266,0.3328981399536133,0.6220729947090149,0.12591244280338287,0.31219470500946045,0.8254600256681442,0.9318998456001282,10000,,,,,,,,,0.6637009411841839,0.18832700584702047,0.49676358699798584,0.9577921032905579,0.05354970693588257,0.40668018218732305,0.006993006993006993,0.3202797202797203,0.0013986013986013986,0.4398601398601399,0.0013986013986013986,0.06363636363636363,0.11,0.6,1,1.2,0,2.0,1.0,0.0
379587,12,default,10000,0.008543919771909714,0.026886291801929474,1.7782815575628774e-07,0.03657755553722377,0.32079389691352844,0.6213936805725098,0.12631559371948242,0.3177351653575897,0.8226283878087998,0.9265505075454712,10000,,,,,,,,,0.6605749958670223,0.18181494569020465,0.5143404603004456,0.9634681344032288,0.05362740904092789,0.4324217673446462,0.006993006993006993,0.2853146853146853,0.0,0.4041958041958042,0.002797202797202797,0.03706293706293706,0.11,0.6,1,1.2,0,2.0,1.0,0.0
379587,15,default,10000,0.009469582699239254,0.030423805117607117,1.0594731472343688e-12,0.06283294297754743,0.38061755895614624,0.6217308640480042,0.12926241755485535,0.27271708846092224,0.8361345320940017,0.9224782586097717,10000,,,,,,,,,0.6614651397808449,0.19265989822076202,0.5031970739364624,0.9495013952255249,0.05360836163163185,0.42948994235187715,0.004195804195804196,0.3111888111888112,0.002797202797202797,0.43356643356643354,0.0006993006993006993,0.056643356643356645,0.11,0.6,1,1.2,0,2.0,1.0,0.0
379587,16,default,10000,0.008122943341732025,0.025412246584892273,1.3355243311252707e-07,0.03516681995242832,0.2725484073162079,0.6214646697044373,0.12595234811306,0.30209288001060486,0.8249347388744354,0.9378412961959839,10000,,,,,,,,,0.663374370878393,0.17953121982016176,0.4954729378223419,0.963264524936676,0.05285734310746193,0.4322520429893703,0.006293706293706294,0.3090909090909091,0.0,0.4006993006993007,0.0013986013986013986,0.039160839160839164,0.11,0.6,1,1.2,0,2.0,1.0,0.0
379587,19,default,10000,0.010647530667483807,0.033736053854227066,5.885527620819175e-09,0.06336388774216174,0.454033225774765,0.6201115846633911,0.12605948746204376,0.29068121314048767,0.821161687374115,0.9292101263999939,10000,,,,,,,,,0.663513515795861,0.1842706944636241,0.49614253640174866,0.948735237121582,0.05318475514650345,0.4153591769231301,0.006293706293706294,0.31888111888111886,0.004195804195804196,0.42657342657342656,0.0013986013986013986,0.05034965034965035,0.11,0.6,1,1.2,0,2.0,1.0,0.0
379587,17,default,10000,0.009466498158872128,0.030809815973043442,8.573100984676785e-08,0.04514016918838023,0.5161404609680176,0.6217830181121826,0.12559665739536285,0.3318749666213989,0.8271275281906127,0.9149242043495178,10000,,,,,,,,,0.661632342709528,0.1885840684076579,0.5039862394332886,0.9706600904464722,0.0533168762922287,0.41934554551343817,0.011888111888111888,0.3062937062937063,0.0013986013986013986,0.42937062937062936,0.0034965034965034965,0.04895104895104895,0.11,0.6,1,1.2,0,2.0,1.0,0.0
379587,18,default,10000,0.01025854330509901,0.03221585974097252,3.3331323812113567e-10,0.05250512715429059,0.3786853849887848,0.6198444366455078,0.12551268935203552,0.3181304335594177,0.8194823056459426,0.9239546060562134,10000,,,,,,,,,0.6641891192722987,0.18178797446525496,0.49723532795906067,0.9481837749481201,0.053238172084093094,0.4169671215539085,0.009790209790209791,0.3174825174825175,0.0006993006993006993,0.4153846153846154,0.0013986013986013986,0.04755244755244755,0.11,0.6,1,1.2,0,2.0,1.0,0.0
379587,22,default,10000,0.008169475942850113,0.025817951187491417,9.688339540347979e-13,0.039546011947095394,0.44703400135040283,0.6229667663574219,0.1264725625514984,0.282779723405838,0.8211811423301696,0.9275048971176147,10000,,,,,,,,,0.6617178156242504,0.18581463461578987,0.5023168325424194,0.9781448245048523,0.05321243032813072,0.43130570707640814,0.01048951048951049,0.2923076923076923,0.0,0.41468531468531467,0.0013986013986013986,0.045454545454545456,0.11,0.6,1,1.2,0,2.0,1.0,0.0
379587,20,default,10000,0.008720003068447113,0.027294829487800598,4.97646857056111e-09,0.04133583791553972,0.46636736392974854,0.6221095323562622,0.12557141482830048,0.264695405960083,0.8179046809673309,0.9010010361671448,10000,,,,,,,,,0.6629687320102345,0.18538024168943099,0.4944625794887543,0.9770602583885193,0.05336359143257141,0.4190694915433577,0.008391608391608392,0.3048951048951049,0.0,0.4195804195804196,0.004195804195804196,0.044055944055944055,0.11,0.6,1,1.2,0,2.0,1.0,0.0
379587,23,default,10000,0.00885429885238409,0.028464050963521004,2.8307201205279853e-07,0.04472403321415184,0.29910603165626526,0.6213353276252747,0.12631963193416595,0.3059226870536804,0.8278108268976212,0.9357962608337402,10000,,,,,,,,,0.6620773252073702,0.1856650427211385,0.5071086883544922,0.9442489743232727,0.05276120454072952,0.4394067367955625,0.0048951048951048955,0.293006993006993,0.0013986013986013986,0.4188811188811189,0.002097902097902098,0.04125874125874126,0.11,0.6,1,1.2,0,2.0,1.0,0.0
379587,21,default,10000,0.007147429045289755,0.022680480033159256,1.4061131992093578e-07,0.04503136463463306,0.25678369402885437,0.6214709877967834,0.1276061087846756,0.3053584098815918,0.821628075838089,0.9242927432060242,10000,,,,,,,,,0.6635215641110094,0.18853453653436908,0.49750855565071106,0.9541780352592468,0.05288159102201462,0.44844404314905145,0.006993006993006993,0.3118881118881119,0.0,0.4307692307692308,0.0,0.04265734265734266,0.11,0.6,1,1.2,0,2.0,1.0,0.0
379587,24,default,10000,0.008491822518408298,0.028158122673630714,7.978768223892985e-08,0.0500196076929569,0.352789044380188,0.6200394630432129,0.1253644824028015,0.29421287775039673,0.8268865793943405,0.9245142936706543,10000,,,,,,,,,0.6618036815544942,0.18846993819989602,0.5059202313423157,0.9517308473587036,0.05329326167702675,0.4461483690290145,0.0048951048951048955,0.30699300699300697,0.0006993006993006993,0.4370629370629371,0.0034965034965034965,0.044755244755244755,0.11,0.6,1,1.2,0,2.0,1.0,0.0
379587,25,default,10000,0.010628578253090382,0.033725980669260025,9.712910298276256e-08,0.052836648747324924,0.41691938042640686,0.620664656162262,0.12810227274894714,0.2933320105075836,0.8258610188961029,0.9236697554588318,10000,,,,,,,,,0.6644378570409921,0.18858924185074832,0.4929177165031433,0.946416437625885,0.053584951907396317,0.4175076240023404,0.011888111888111888,0.3146853146853147,0.0034965034965034965,0.4307692307692308,0.0034965034965034965,0.044755244755244755,0.11,0.6,1,1.2,0,2.0,1.0,0.0
379587,26,default,10000,0.008619514293968678,0.027756722643971443,8.906967963184798e-08,0.0415906699374318,0.2816689908504486,0.623267412185669,0.1255369484424591,0.3363635241985321,0.825489467382431,0.9125736355781555,10000,,,,,,,,,0.6612290626639252,0.18195029471502927,0.5027503371238708,0.9592225551605225,0.05292879045009613,0.42332735777396213,0.006293706293706294,0.2909090909090909,0.0006993006993006993,0.4013986013986014,0.0006993006993006993,0.04755244755244755,0.11,0.6,1,1.2,0,2.0,1.0,0.0
379587,27,default,10000,0.009414417669177055,0.028380025178194046,1.0608273726120387e-07,0.04100849106907844,0.3021044433116913,0.622824490070343,0.1267787665128708,0.298418790102005,0.8214252591133118,0.9167655110359192,10000,,,,,,,,,0.66329675220943,0.18312400228016892,0.4939153492450714,0.9753570556640625,0.053560275584459305,0.409786520308898,0.007692307692307693,0.3076923076923077,0.0006993006993006993,0.4153846153846154,0.002097902097902098,0.055944055944055944,0.11,0.6,1,1.2,0,2.0,1.0,0.0
379587,28,default,10000,0.009705064818263054,0.03014758788049221,1.57023364977249e-07,0.04487040303647517,0.7241485714912415,0.6213354468345642,0.12846897542476654,0.2206299901008606,0.8357965350151062,0.9120557904243469,10000,,,,,,,,,0.6603235022379802,0.18679022282318022,0.5018847584724426,0.9720345735549927,0.05361656844615936,0.4179831739723474,0.013286713286713287,0.29790209790209793,0.0006993006993006993,0.42657342657342656,0.002097902097902098,0.05384615384615385,0.11,0.6,1,1.2,0,2.0,1.0,0.0
379587,29,default,10000,0.008938933722674847,0.027050117030739784,1.1138883869096783e-12,0.05052658412605523,0.4141247272491455,0.620694637298584,0.12657010555267334,0.318220317363739,0.8305455774068832,0.9393565058708191,10000,,,,,,,,,0.6633363700621612,0.187729678827493,0.4981687366962433,0.9752258062362671,0.052984047681093216,0.41549773610748963,0.006993006993006993,0.32447552447552447,0.0,0.44825174825174824,0.002097902097902098,0.057342657342657345,0.11,0.6,1,1.2,0,2.0,1.0,0.0

batch,run,mean_attunement,std_attunement,mean_stress,std_stress
379587,0,0.009683802723884583,0.030517732724547383,0.6213323473930359,0.12473119050264359
379587,1,0.006648681592196226,0.021583475172519684,0.6222500205039978,0.1269453465938568
379587,2,0.008302036672830582,0.025516945868730545,0.6216789484024048,0.12545593082904816
379587,3,0.008624213747680187,0.02722042053937912,0.6195738315582275,0.12717734277248383
379587,4,0.00934956967830658,0.02916709892451763,0.6216204166412354,0.12740939855575562
379587,5,0.009297005832195282,0.028882166370749474,0.6218169927597046,0.12608717381954193
379587,6,0.009219256229698658,0.030114239081740376,0.6209195256233215,0.12760324776172638
379587,7,0.009012371301651001,0.028923124074935917,0.6193534135818481,0.1282365322113037
379587,8,0.009329942055046558,0.030233129858970642,0.6201184391975403,0.1268259882926941
379587,9,0.010056394152343273,0.03151710703969002,0.6200273036956787,0.1283464878797531
379587,10,0.009416628628969193,0.030268402770161632,0.6204224824905396,0.12596367299556732
379587,11,0.010736379772424698,0.03399881720542908,0.6192901134490967,0.12794402241706848
379587,12,0.008543919771909714,0.026886291801929474,0.6213936805725098,0.12631559371948242
379587,13,0.0081525519490242,0.026000002399086952,0.6210538148880005,0.1271042823791504
379587,14,0.010798461735248566,0.034075167030096054,0.6220729947090149,0.12591244280338287
379587,15,0.009469582699239254,0.030423805117607117,0.6217308640480042,0.12926241755485535
379587,16,0.008122943341732025,0.025412246584892273,0.6214646697044373,0.12595234811306
379587,17,0.009466498158872128,0.030809815973043442,0.6217830181121826,0.12559665739536285
379587,18,0.01025854330509901,0.03221585974097252,0.6198444366455078,0.12551268935203552
379587,19,0.010647530667483807,0.033736053854227066,0.6201115846633911,0.12605948746204376
379587,20,0.008720003068447113,0.027294829487800598,0.6221095323562622,0.12557141482830048
379587,21,0.007147429045289755,0.022680480033159256,0.6214709877967834,0.1276061087846756
379587,22,0.008169475942850113,0.025817951187491417,0.6229667663574219,0.1264725625514984
379587,23,0.00885429885238409,0.028464050963521007,0.6213353276252747,0.12631963193416595
379587,24,0.008491822518408298,0.028158122673630714,0.6200394630432129,0.1253644824028015
379587,25,0.010628578253090382,0.033725980669260025,0.620664656162262,0.12810227274894714
379587,26,0.008619514293968678,0.027756722643971443,0.623267412185669,0.1255369484424591
379587,27,0.009414417669177055,0.02838002517819405,0.622824490070343,0.1267787665128708
379587,28,0.009705064818263054,0.03014758788049221,0.6213354468345642,0.12846897542476654
379587,29,0.008938933722674847,0.027050117030739784,0.620694637298584,0.12657010555267334
