RT,accuracy,p_correct,correct,action_executed,action_rate,attunement_mean,attunement_std,attunement_final,attunement_min,attunement_max,stress_mean,stress_std,ext_load_mean,mem_load_mean,aff_vol_mean,dominant_mode,PE_mean,PE_max,confidence_mean,trial_number,duration,preset,seed,git_commit,replay_mode_counts.converge,replay_mode_counts.explore,replay_mode_counts.stabilize,stimulus.ext_load_target,stimulus.mem_load_target,stimulus.condition
1228.3233642578125,0.0,0.0,False,True,0.01,0.023452511057257652,0.06858688592910767,0.004023395944386721,2.89651941320912e-10,0.5856910347938538,0.6065728664398193,0.13391435146331787,0.49137383699417114,0.5090503096580505,0.08071966469287872,stabilize,0.20201133019795633,0.7580211758613586,0.6563537466526032,1,200,default,43,b52458e,54,6,140,0.6,0.9,ext0.6_mem0.9
1195.9033203125,0.0,0.0,False,True,0.025,0.01998574286699295,0.07644875347614288,0.00635971873998642,8.646350779448198e-13,0.5948607325553894,0.6087028980255127,0.13318760693073273,0.49575427174568176,0.5068714022636414,0.07549407333135605,stabilize,0.1865427408528214,0.796656608581543,0.6579014992713929,2,200,default,44,b52458e,37,4,159,0.9,0.3,ext0.9_mem0.3
1155.846435546875,0.0,0.0,False,True,0.84,0.010356685146689415,0.03560983017086983,6.824137381045148e-05,1.3185747000656667e-18,0.22576045989990234,0.6320836544036865,0.11411967128515244,0.4947241544723511,0.4536544680595398,0.09852786362171173,stabilize,0.21822441321070074,0.7830985188484192,0.6346942345798016,3,200,default,45,b52458e,56,4,140,0.9,0.9,ext0.9_mem0.9
1260.5291748046875,0.0,0.0,False,True,0.025,0.023053951561450958,0.05980086326599121,2.55411123362137e-06,1.0224925262036777e-07,0.4250415861606598,0.606998085975647,0.13431000709533691,0.49052363634109497,0.4821288287639618,0.08679094165563583,stabilize,0.20057577478790847,0.7929144501686096,0.6531054852902889,4,200,default,46,b52458e,55,4,141,0.6,0.6,ext0.6_mem0.6
1197.7398681640625,0.0,0.0,False,True,0.02,0.016039909794926643,0.047589585185050964,0.00032049816218204796,1.4718234524480067e-06,0.3503066301345825,0.6180896759033203,0.13049989938735962,0.517134964466095,0.5350378155708313,0.08693736791610718,stabilize,0.19600679419409062,0.9499981999397278,0.6474864640831948,5,200,default,47,b52458e,46,5,149,0.6,0.9,ext0.6_mem0.9
1271.22705078125,0.0,0.0,False,True,0.01,0.017878500744700432,0.05497557297348976,0.002194441854953766,5.063656089987489e-07,0.4422121047973633,0.6009968519210815,0.14066457748413086,0.49983611702919006,0.500802755355835,0.09030573070049286,stabilize,0.19571676470649435,0.766453742980957,0.6543487007915973,6,200,default,48,b52458e,60,5,135,0.6,0.6,ext0.6_mem0.6
1273.9010009765625,0.0,0.0,False,True,0.005,0.01673073135316372,0.05377977341413498,0.001408930984325707,1.53640832695201e-11,0.45907968282699585,0.613670289516449,0.14005635678768158,0.5217575430870056,0.5052117109298706,0.0741770789027214,stabilize,0.21305645080981775,0.7462254166603088,0.6560763241350651,7,200,default,49,b52458e,42,4,154,0.9,0.9,ext0.9_mem0.9
1164.440673828125,0.0,0.0,False,True,0.015,0.013797121122479439,0.04421539604663849,3.1237566872732714e-05,2.495533224511348e-10,0.4959004521369934,0.6147531867027283,0.13370203971862793,0.4623418152332306,0.49405789375305176,0.08214835077524185,stabilize,0.18456452326449835,0.6524423360824585,0.651549236625433,8,200,default,50,b52458e,48,2,150,0.9,0.3,ext0.9_mem0.3
1155.8917236328125,0.0,0.0,False,True,0.015,0.013768753036856651,0.04313868284225464,1.1966850252065342e-05,3.4463468523426855e-07,0.4661490321159363,0.6279346346855164,0.14581070840358734,0.5175087451934814,0.4883735775947571,0.0777106061577797,stabilize,0.20022667046347578,0.6562650799751282,0.6471773555874825,9,200,default,51,b52458e,38,1,161,0.3,0.3,ext0.3_mem0.3
1204.8834228515625,0.0,0.0,False,False,0.0,0.01870081014931202,0.06210910156369209,0.013738553039729595,1.3165362133804592e-06,0.6188564300537109,0.602985143661499,0.14166973531246185,0.4901951849460602,0.5083445906639099,0.0781923234462738,stabilize,0.20293506358250624,0.8335052728652954,0.659411292821169,10,200,default,52,b52458e,45,6,149,0.6,0.6,ext0.6_mem0.6
1144.8895263671875,0.0,0.0,False,True,0.01,0.013682490214705467,0.037115659564733505,0.0001316189009230584,4.571118594753898e-09,0.33430010080337524,0.6187548637390137,0.13786733150482178,0.4967750608921051,0.4909946918487549,0.08384550362825394,stabilize,0.1993165545130614,0.7433221936225891,0.6486998210847378,11,200,default,53,b52458e,50,2,148,0.9,0.6,ext0.9_mem0.6
1181.091796875,0.0,0.0,False,True,0.015,0.014120769686996937,0.04366324469447136,2.5424598788958974e-05,2.9410054946943376e-10,0.43283364176750183,0.6234622001647949,0.12368859350681305,0.5298459529876709,0.4895312190055847,0.08000557124614716,stabilize,0.19611462714370645,0.6669924855232239,0.6482660952210426,12,200,default,54,b52458e,47,4,149,0.3,0.6,ext0.3_mem0.6
1012.1019897460938,0.0,0.0,False,True,0.005,0.021231599152088165,0.0562095008790493,1.603360396984499e-05,4.719914459272445e-10,0.4340185225009918,0.5977403521537781,0.14354807138442993,0.470318078994751,0.48183906078338623,0.08436553180217743,stabilize,0.19118733682402764,0.9499945044517517,0.6589470562338829,13,200,default,55,b52458e,61,5,134,0.6,0.9,ext0.6_mem0.9
1212.2037353515625,0.0,0.0,False,True,0.875,0.004102949518710375,0.01892171986401081,3.764750363188796e-05,1.00176244573731e-27,0.1901806741952896,0.6132590770721436,0.11597413569688797,0.5057514309883118,0.4751981496810913,0.0895095095038414,stabilize,0.22356290486117358,0.8619595170021057,0.6486157090961933,14,200,default,56,b52458e,46,7,147,0.3,0.6,ext0.3_mem0.6
1220.469482421875,0.0,0.0,False,True,0.005,0.013730292208492756,0.039664655923843384,7.209515752037987e-05,1.0181398693021038e-06,0.3252525329589844,0.6136868000030518,0.13829246163368225,0.5079684257507324,0.5172966718673706,0.07894349098205566,stabilize,0.196074475653877,0.605209469795227,0.6536848586797714,15,200,default,57,b52458e,42,2,156,0.6,0.6,ext0.6_mem0.6
1196.0947265625,0.0,0.0,False,True,0.035,0.01824239455163479,0.05082780122756958,0.004022581968456507,2.8134397589418825e-11,0.3770597279071808,0.6012381911277771,0.14200495183467865,0.4849803149700165,0.4799547493457794,0.08130891621112823,stabilize,0.2100889965216629,0.825089156627655,0.6587264524400234,16,200,default,58,b52458e,53,5,142,0.3,0.6,ext0.3_mem0.6
1288.578857421875,0.0,0.0,False,True,0.005,0.010816694237291813,0.03483084216713905,0.00025346080656163394,1.38214606426601e-10,0.40447014570236206,0.6098834276199341,0.13403794169425964,0.5140095353126526,0.5154455900192261,0.07550123333930969,stabilize,0.1940201733041431,0.7283728122711182,0.6573076899349689,17,200,default,59,b52458e,38,3,159,0.6,0.3,ext0.6_mem0.3
1170.373046875,0.0,0.0,False,True,0.01,0.01585298590362072,0.05455256626009941,0.0018649711273610592,3.1190202207653783e-06,0.5360215902328491,0.6080249547958374,0.1384829729795456,0.5026394128799438,0.5151718258857727,0.0842791199684143,stabilize,0.19633696255020594,0.7151645421981812,0.6538479468226432,18,200,default,60,b52458e,46,2,152,0.9,0.9,ext0.9_mem0.9
1212.0242919921875,0.0,0.0,False,True,0.02,0.017902398481965065,0.044751375913619995,0.00010378644947195426,2.5219648591701116e-10,0.3205932378768921,0.597823441028595,0.13843555748462677,0.4767172932624817,0.4781494140625,0.07878383249044418,stabilize,0.2113433014776092,0.6829451322555542,0.6616963605582714,19,200,default,61,b52458e,48,5,147,0.6,0.3,ext0.6_mem0.3
1102.6912841796875,0.0,0.0,False,True,0.02,0.018515078350901604,0.04748561233282089,0.0002253460988868028,2.4656277020085327e-10,0.40717047452926636,0.6080341935157776,0.13393133878707886,0.4676189422607422,0.4903954565525055,0.08045858144760132,stabilize,0.18790955967793707,0.7056067585945129,0.6557536266744137,20,200,default,62,b52458e,47,3,150,0.9,0.6,ext0.9_mem0.6
1329.1348876953125,0.0,0.0,False,True,0.01,0.017788326367735863,0.05050462484359741,5.612607492366806e-05,3.0001842676874446e-10,0.4607989490032196,0.6035416126251221,0.13449446856975555,0.4739021956920624,0.47922593355178833,0.08014474809169769,stabilize,0.1850315320334994,0.6961700320243835,0.6581567886471749,21,200,default,63,b52458e,56,3,141,0.6,0.9,ext0.6_mem0.9
1173.5396728515625,0.0,0.0,False,True,0.01,0.030372250825166702,0.0800849050283432,0.009388827718794346,1.0675758858269546e-05,0.5000932812690735,0.6063163876533508,0.13001950085163116,0.4587210714817047,0.4374271333217621,0.07965542376041412,stabilize,0.19574993733022894,0.9499973654747009,0.6570141153037548,22,200,default,64,b52458e,63,3,134,0.9,0.3,ext0.9_mem0.3
1202.9693603515625,0.0,0.0,False,False,0.0,0.01694546639919281,0.050078101456165314,0.0002824664697982371,1.195042841573013e-06,0.35653936862945557,0.6253588795661926,0.1404254138469696,0.49843910336494446,0.4596688449382782,0.07816712558269501,stabilize,0.1992343439033698,0.6465708613395691,0.6482370035350322,23,200,default,65,b52458e,43,1,156,0.6,0.9,ext0.6_mem0.9
1160.459228515625,0.0,0.0,False,True,0.005,0.014449342153966427,0.045392584055662155,0.00038473570020869374,1.4061185993341496e-06,0.4434511959552765,0.6060097217559814,0.1392497420310974,0.5082890391349792,0.5097833871841431,0.07925263047218323,stabilize,0.20337060833435316,0.6846616268157959,0.6573688194155693,24,200,default,66,b52458e,50,3,147,0.9,0.6,ext0.9_mem0.6
1189.34423828125,0.0,0.0,False,True,0.02,0.022913552820682526,0.06057840585708618,0.0008941919659264386,1.1075922080536205e-12,0.47913965582847595,0.5981090664863586,0.13142777979373932,0.49068260192871094,0.47512853145599365,0.08434860408306122,stabilize,0.20121926426130812,0.7649356126785278,0.6587711517512799,25,200,default,67,b52458e,64,5,131,0.3,0.9,ext0.3_mem0.9
1243.0802001953125,0.0,0.0,False,True,0.02,0.016183583065867424,0.03522849455475807,0.0004816306463908404,7.963154875084699e-13,0.21554464101791382,0.6089760065078735,0.1494782567024231,0.48730581998825073,0.4860508441925049,0.07728570699691772,stabilize,0.21726686365594106,0.8187298774719238,0.6568691495060921,26,200,default,68,b52458e,49,4,147,0.3,0.3,ext0.3_mem0.3
1212.9111328125,0.0,0.0,False,True,0.01,0.014236103743314743,0.03182286396622658,0.0014345762319862843,1.338479349057009e-12,0.20308025181293488,0.6049542427062988,0.14207695424556732,0.52565997838974,0.4629693925380707,0.0886484682559967,stabilize,0.20330018193410068,0.6954138875007629,0.6531986445188522,27,200,default,69,b52458e,64,4,132,0.9,0.6,ext0.9_mem0.6
1128.7904052734375,0.0,0.0,False,True,0.01,0.02157026343047619,0.06399219483137131,0.003940579481422901,4.2434864114618016e-15,0.4861435890197754,0.6141569018363953,0.13185404241085052,0.47571831941604614,0.4875214695930481,0.08669252693653107,stabilize,0.18344273366994457,0.7056849598884583,0.649575277864933,28,200,default,70,b52458e,52,3,145,0.9,0.9,ext0.9_mem0.9
1221.3756103515625,0.0,0.0,False,True,0.01,0.01859631948173046,0.0641031414270401,0.004104794003069401,1.3754802852261605e-10,0.5510607361793518,0.6184098124504089,0.15072551369667053,0.4869532287120819,0.5058342218399048,0.08192664384841919,stabilize,0.19654388199018855,0.7508568167686462,0.6498317758738995,29,200,default,71,b52458e,40,3,157,0.6,0.3,ext0.6_mem0.3
1186.0791015625,0.0,0.0,False,True,0.015,0.023839011788368225,0.06581494957208633,1.2122699445171747e-05,1.5964228203269037e-11,0.4462767243385315,0.5947034955024719,0.15494370460510254,0.4938872158527374,0.48975294828414917,0.08501538634300232,stabilize,0.21023170613916592,0.8376531004905701,0.6601405416429043,30,200,default,72,b52458e,55,6,139,0.9,0.3,ext0.9_mem0.3
1236.36962890625,0.0,0.0,False,True,0.03,0.01929951272904873,0.0526241771876812,0.00036505222669802606,3.352126441313885e-06,0.42382344603538513,0.6102322340011597,0.14107342064380646,0.4693475067615509,0.4838074743747711,0.08536045998334885,stabilize,0.18978654646836732,0.5215534567832947,0.6522036570310593,31,200,default,73,b52458e,57,1,142,0.3,0.6,ext0.3_mem0.6
1200.400634765625,0.0,0.0,False,True,0.01,0.023280635476112366,0.06766487658023834,0.0017295951256528497,5.037626351622748e-07,0.5166375041007996,0.5992999076843262,0.13408733904361725,0.47823989391326904,0.53448885679245,0.08359190076589584,stabilize,0.20891648750946842,0.8171092867851257,0.658554106503725,32,200,default,74,b52458e,49,4,147,0.6,0.3,ext0.6_mem0.3
1214.042724609375,0.0,0.0,False,True,0.01,0.01856735162436962,0.059538766741752625,0.0006809760234318674,4.263875474919132e-09,0.46104100346565247,0.6060238480567932,0.13088269531726837,0.47727352380752563,0.4824870228767395,0.07535868883132935,stabilize,0.1954260267488462,0.7566348314285278,0.6593087220191955,33,200,default,75,b52458e,38,4,158,0.3,0.9,ext0.3_mem0.9
1290.9298095703125,0.0,0.0,False,True,0.02,0.024970179423689842,0.06574783474206924,0.007852045819163322,1.8627925868486273e-09,0.4654497504234314,0.6026601195335388,0.15002256631851196,0.462039977312088,0.4491336941719055,0.08348891139030457,stabilize,0.19833112722561963,0.772141695022583,0.6569254763424397,34,200,default,76,b52458e,75,2,123,0.6,0.6,ext0.6_mem0.6
1156.3304443359375,0.0,0.0,False,True,0.02,0.018842214718461037,0.050523921847343445,0.0002504732692614198,1.9067428191910096e-11,0.40137261152267456,0.596711277961731,0.13708381354808807,0.4782261252403259,0.49193650484085083,0.08706334978342056,stabilize,0.19867730632133315,0.7164357304573059,0.6581126961112023,35,200,default,77,b52458e,46,4,150,0.6,0.3,ext0.6_mem0.3
1215.40283203125,0.0,0.0,False,True,0.015,0.015863943845033646,0.04636402800679207,4.964763320458587e-06,6.267643737345452e-09,0.3844345510005951,0.6023096442222595,0.1439163237810135,0.4879430830478668,0.47095221281051636,0.08169917017221451,stabilize,0.19555993564861182,0.7684466242790222,0.6579955799877644,36,200,default,78,b52458e,59,1,140,0.3,0.3,ext0.3_mem0.3
1143.461669921875,0.0,0.0,False,True,0.03,0.025492705404758453,0.08408014476299286,0.00034706800943240523,1.6241169520370136e-09,0.7107532620429993,0.6041960120201111,0.15257874131202698,0.5013999938964844,0.49903538823127747,0.08755799382925034,stabilize,0.21373306544729986,0.769550085067749,0.6541229978203773,37,200,default,79,b52458e,49,5,146,0.3,0.9,ext0.3_mem0.9
1166.2794189453125,0.0,0.0,False,True,0.01,0.018230078741908073,0.06050940230488777,3.993631980847567e-05,4.779657047038199e-06,0.48702847957611084,0.6120971441268921,0.13347995281219482,0.49237456917762756,0.533115029335022,0.08665108680725098,stabilize,0.1981393231997663,0.891921877861023,0.6506258708238601,38,200,default,80,b52458e,44,4,152,0.3,0.9,ext0.3_mem0.9
1237.4342041015625,0.0,0.0,False,True,0.01,0.016941145062446594,0.04794200137257576,0.01571642793715,2.542537569372172e-10,0.3609911799430847,0.6085066199302673,0.14922785758972168,0.49353957176208496,0.45508652925491333,0.0786106288433075,stabilize,0.19774989020777867,0.7863228917121887,0.6564413642883301,39,200,default,81,b52458e,48,5,147,0.9,0.9,ext0.9_mem0.9
1252.273681640625,0.0,0.0,False,True,0.015,0.017316509038209915,0.04999365285038948,0.0032615521922707558,1.0223985924540102e-07,0.37497588992118835,0.6110763549804688,0.13841940462589264,0.5028353333473206,0.4605216681957245,0.0837123692035675,stabilize,0.20058125400582866,0.6003597974777222,0.6526056356728077,40,200,default,82,b52458e,55,2,143,0.3,0.3,ext0.3_mem0.3
1165.3292236328125,0.0,0.0,False,True,0.015,0.019090229645371437,0.051754556596279144,0.00014095903316047043,2.4453104288113536e-06,0.4382033348083496,0.6102460026741028,0.14426030218601227,0.5008113980293274,0.5150473117828369,0.08459306508302689,stabilize,0.1920955873259652,0.8185299038887024,0.6525804792344571,41,200,default,83,b52458e,53,5,142,0.9,0.6,ext0.9_mem0.6
1165.7901611328125,0.0,0.0,False,True,0.005,0.024723554030060768,0.07129599153995514,6.167128503875574e-06,2.9066446471937013e-10,0.44843241572380066,0.6135081052780151,0.1439695805311203,0.4651942551136017,0.5019200444221497,0.08349711447954178,stabilize,0.18653229568021173,0.949993371963501,0.6514973770081997,42,200,default,84,b52458e,58,3,139,0.9,0.3,ext0.9_mem0.3
1122.7374267578125,0.0,0.0,False,True,0.025,0.02207956463098526,0.06940891593694687,0.0001355257409159094,1.153716011614847e-12,0.6612451672554016,0.6124262809753418,0.1409217268228531,0.47288623452186584,0.5221548676490784,0.08133959025144577,stabilize,0.19575009651975733,0.7786136269569397,0.6531170393526554,43,200,default,85,b52458e,55,3,142,0.3,0.3,ext0.3_mem0.3
1171.390380859375,0.0,0.0,False,False,0.0,0.026268314570188522,0.06243501603603363,6.887994823046029e-05,1.7048097308847154e-11,0.4641476571559906,0.6001738905906677,0.13478167355060577,0.46209678053855896,0.5082155466079712,0.08334939926862717,stabilize,0.2104255801535328,0.7710411548614502,0.6582383705675602,44,200,default,86,b52458e,53,6,141,0.3,0.9,ext0.3_mem0.9
1180.961669921875,0.0,0.0,False,True,0.005,0.021729186177253723,0.05772839114069939,0.001061981194652617,2.593785256022052e-11,0.5198452472686768,0.5998882055282593,0.1408429890871048,0.4607219696044922,0.46886101365089417,0.08159343898296356,stabilize,0.19175390017626343,0.8791642785072327,0.6592591699957847,45,200,default,87,b52458e,64,1,135,0.3,0.6,ext0.3_mem0.6
